{"\u0441t4\u0440t": {"variants": ["3nD", "dgdgdg", "\u043f\u0440\u0438\u0432\u0435\u0442", "\u043e", "hhhh", "\u043e\u0442\u0432\u0435\u0447\u0430\u0439", "\u0441\u043b\u044b\u0448", "\u043d\u0443", "\u0441\u043a\u0430\u0437\u0430\u043b", "\u043d\u0435\u0442", "\u043d\u0435\u0442", "\u043d\u0435\u0442", "\u043b\u0430\u0434\u043d\u043e", "\u043d\u0435\u0442", "\u043d\u0435\u0442", "\u043d\u0435\u0442", "\u0437\u0430\u0442\u043a\u043d\u0438\u0441\u044c", "\u043f\u0440\u0438\u0432\u0435\u0442", "\u043d\u0430\u0433\u0435\u043d\u0435\u043d\u0440\u0438\u0440\u0443\u0439", "\u043e\u0442\u0432\u0435\u0447\u0430\u0439", "\u0442\u0430\u043a"], "3nD": [1, 0.047619047619047616], "dgdgdg": [1, 0.047619047619047616], "\u043f\u0440\u0438\u0432\u0435\u0442": [1, 0.09523809523809523], "\u043e": [1, 0.047619047619047616], "hhhh": [1, 0.047619047619047616], "\u043e\u0442\u0432\u0435\u0447\u0430\u0439": [1, 0.09523809523809523], "\u0441\u043b\u044b\u0448": [1, 0.047619047619047616], "\u043d\u0443": [1, 0.047619047619047616], "\u0441\u043a\u0430\u0437\u0430\u043b": [1, 0.047619047619047616], "\u043d\u0435\u0442": [1, 0.2857142857142857], "\u043b\u0430\u0434\u043d\u043e": [1, 0.047619047619047616], "\u0437\u0430\u0442\u043a\u043d\u0438\u0441\u044c": [1, 0.047619047619047616], "\u043d\u0430\u0433\u0435\u043d\u0435\u043d\u0440\u0438\u0440\u0443\u0439": [1, 0.047619047619047616], "\u0442\u0430\u043a": [1, 0.047619047619047616]}, "dgdgdg": {"variants": ["3nD"], "3nD": [1, 1.0]}, "\u043f\u0440\u0438\u0432\u0435\u0442": {"variants": ["3nD", "3nD"], "3nD": [1, 1.0]}, "\u043e": {"variants": ["3nD"], "3nD": [1, 1.0]}, "hhhh": {"variants": ["3nD"], "3nD": [1, 1.0]}, "\u043e\u0442\u0432\u0435\u0447\u0430\u0439": {"variants": ["3nD", "3nD"], "3nD": [1, 1.0]}, "\u0441\u043b\u044b\u0448": {"variants": ["3nD"], "3nD": [1, 1.0]}, "\u043d\u0443": {"variants": ["\u043a\u0430\u043a"], "\u043a\u0430\u043a": [1, 1.0]}, "\u043a\u0430\u043a": {"variants": ["\u043f\u043e\u0432\u0442\u043e\u0440\u0438"], "\u043f\u043e\u0432\u0442\u043e\u0440\u0438": [1, 1.0]}, "\u043f\u043e\u0432\u0442\u043e\u0440\u0438": {"variants": ["\u0442\u043e"], "\u0442\u043e": [1, 1.0]}, "\u0442\u043e": {"variants": ["\u0447\u0442\u043e"], "\u0447\u0442\u043e": [1, 1.0]}, "\u0447\u0442\u043e": {"variants": ["\u0441\u043a\u0430\u0437\u0430\u043b"], "\u0441\u043a\u0430\u0437\u0430\u043b": [1, 1.0]}, "\u0441\u043a\u0430\u0437\u0430\u043b": {"variants": ["3nD", "\u044f"], "3nD": [1, 0.5], "\u044f": [1, 0.5]}, "\u044f": {"variants": ["\u0447\u0442\u043e,", "\u043d\u0435"], "\u0447\u0442\u043e,": [1, 0.5], "\u043d\u0435": [1, 0.5]}, "\u0447\u0442\u043e,": {"variants": ["\u0430"], "\u0430": [1, 1.0]}, "\u0430": {"variants": ["3nD"], "3nD": [1, 1.0]}, "\u043d\u0435\u0442": {"variants": ["3nD", "\u044f", "3nD", "3nD", "3nD", "3nD"], "3nD": [1, 0.8333333333333334], "\u044f": [1, 0.16666666666666666]}, "\u043d\u0435": {"variants": ["\u044d\u0442\u043e"], "\u044d\u0442\u043e": [1, 1.0]}, "\u044d\u0442\u043e": {"variants": ["\u0433\u043e\u0432\u043e\u0440\u0438\u043b"], "\u0433\u043e\u0432\u043e\u0440\u0438\u043b": [1, 1.0]}, "\u0433\u043e\u0432\u043e\u0440\u0438\u043b": {"variants": ["3nD"], "3nD": [1, 1.0]}, "\u043b\u0430\u0434\u043d\u043e": {"variants": ["\u0445\u043e\u0440\u043e\u0448\u043e", "3nD"], "\u0445\u043e\u0440\u043e\u0448\u043e": [1, 0.5], "3nD": [1, 0.5]}, "\u0445\u043e\u0440\u043e\u0448\u043e": {"variants": ["3nD"], "3nD": [1, 1.0]}, "\u0437\u0430\u0442\u043a\u043d\u0438\u0441\u044c": {"variants": ["\u043f\u0430\u0434\u043b\u0430"], "\u043f\u0430\u0434\u043b\u0430": [1, 1.0]}, "\u043f\u0430\u0434\u043b\u0430": {"variants": ["3nD"], "3nD": [1, 1.0]}, "\u043d\u0430\u0433\u0435\u043d\u0435\u043d\u0440\u0438\u0440\u0443\u0439": {"variants": ["\u0442\u0435\u043a\u0441\u0442\u0430"], "\u0442\u0435\u043a\u0441\u0442\u0430": [1, 1.0]}, "\u0442\u0435\u043a\u0441\u0442\u0430": {"variants": ["3nD"], "3nD": [1, 1.0]}, "\u0442\u0430\u043a": {"variants": ["\u043b\u0430\u0434\u043d\u043e"], "\u043b\u0430\u0434\u043d\u043e": [1, 1.0]}}