{"\u0441t4\u0440t": {"variants": ["3nD", "\u043c\u043e\u0436\u0435\u0442", "\u0435\u0449\u0451"], "3nD": [1, 0.3333333333333333], "\u043c\u043e\u0436\u0435\u0442": [1, 0.3333333333333333], "\u0435\u0449\u0451": [1, 0.3333333333333333]}, "\u043c\u043e\u0436\u0435\u0442": {"variants": ["4"], "4": [1, 1.0]}, "4": {"variants": ["3nD"], "3nD": [1, 1.0]}, "\u0435\u0449\u0451": {"variants": ["\u0447\u0442\u043e-\u043d\u0438\u0442\u044c"], "\u0447\u0442\u043e-\u043d\u0438\u0442\u044c": [1, 1.0]}, "\u0447\u0442\u043e-\u043d\u0438\u0442\u044c": {"variants": ["3nD"], "3nD": [1, 1.0]}}