{"\u0441t4\u0440t": {"variants": ["3nD", "\u0438", "\u043e\u0442\u0432\u0435\u0442\u044c", "\u043e\u0442\u0432\u0435\u0447\u0430\u0439", "\u0445\u043e\u0440\u043e\u0448\u043e,", "\u0430,", "\u043d\u0443", "\u0432\u0440\u0435\u043c\u044f", "\u0432\u0440\u0435\u043c\u044f", "\u0432\u0440\u0435\u043c\u044f", "\u0432\u0440\u0435\u043c\u044f", "\u043c", "\u0432\u0440\u0435\u043c\u044f", "\u0432\u0440\u0435\u043c\u044f", "\u043e\u0442\u043f\u0440\u0430\u0432\u044c", "\u043f\u0440\u043e\u0441\u0442\u0438,", "\u0432\u043e\u0442", "\u0442\u0435\u043f\u0435\u0440\u044c", "\u0434\u0430\u0436\u0435", "\u0434\u0430"], "3nD": [1, 0.05], "\u0438": [1, 0.05], "\u043e\u0442\u0432\u0435\u0442\u044c": [1, 0.05], "\u043e\u0442\u0432\u0435\u0447\u0430\u0439": [1, 0.05], "\u0445\u043e\u0440\u043e\u0448\u043e,": [1, 0.05], "\u0430,": [1, 0.05], "\u043d\u0443": [1, 0.05], "\u0432\u0440\u0435\u043c\u044f": [1, 0.3], "\u043c": [1, 0.05], "\u043e\u0442\u043f\u0440\u0430\u0432\u044c": [1, 0.05], "\u043f\u0440\u043e\u0441\u0442\u0438,": [1, 0.05], "\u0432\u043e\u0442": [1, 0.05], "\u0442\u0435\u043f\u0435\u0440\u044c": [1, 0.05], "\u0434\u0430\u0436\u0435": [1, 0.05], "\u0434\u0430": [1, 0.05]}, "\u0438": {"variants": ["\u0442\u0430\u043a"], "\u0442\u0430\u043a": [1, 1.0]}, "\u0442\u0430\u043a": {"variants": ["\u044f", "\u0447\u0442\u043e"], "\u044f": [1, 0.5], "\u0447\u0442\u043e": [1, 0.5]}, "\u044f": {"variants": ["\u0441\u043b\u0443\u0448\u0430\u044e", "\u0436\u0434\u0443", "\u0436\u0434\u0443", "\u0436\u0434\u0443", "\u0436\u0434\u0443", "\u0436\u0434\u0443", "\u0436\u0434\u0443", "\u043f\u0440\u043e\u0438\u0433\u043d\u043e\u0440\u0438\u0440\u0443\u044e", "\u0446\u0435\u043d\u044e"], "\u0441\u043b\u0443\u0448\u0430\u044e": [1, 0.1111111111111111], "\u0436\u0434\u0443": [1, 0.6666666666666666], "\u043f\u0440\u043e\u0438\u0433\u043d\u043e\u0440\u0438\u0440\u0443\u044e": [1, 0.1111111111111111], "\u0446\u0435\u043d\u044e": [1, 0.1111111111111111]}, "\u0441\u043b\u0443\u0448\u0430\u044e": {"variants": ["3nD"], "3nD": [1, 1.0]}, "\u043e\u0442\u0432\u0435\u0442\u044c": {"variants": ["3nD"], "3nD": [1, 1.0]}, "\u043e\u0442\u0432\u0435\u0447\u0430\u0439": {"variants": ["\u043e\u0442\u0432\u0435\u0447\u0430\u0439", "3nD"], "\u043e\u0442\u0432\u0435\u0447\u0430\u0439": [1, 0.5], "3nD": [1, 0.5]}, "\u0445\u043e\u0440\u043e\u0448\u043e,": {"variants": ["\u0430"], "\u0430": [1, 1.0]}, "\u0430": {"variants": ["\u0442\u0435\u043f\u0435\u0440\u044c"], "\u0442\u0435\u043f\u0435\u0440\u044c": [1, 1.0]}, "\u0442\u0435\u043f\u0435\u0440\u044c": {"variants": ["\u0441\u043a\u0430\u0436\u0438", "\u0442\u043e"], "\u0441\u043a\u0430\u0436\u0438": [1, 0.5], "\u0442\u043e": [1, 0.5]}, "\u0441\u043a\u0430\u0436\u0438": {"variants": ["\u0447\u0442\u043e-\u043d\u0438\u0431\u0443\u0434\u044c", "3nD"], "\u0447\u0442\u043e-\u043d\u0438\u0431\u0443\u0434\u044c": [1, 0.5], "3nD": [1, 0.5]}, "\u0447\u0442\u043e-\u043d\u0438\u0431\u0443\u0434\u044c": {"variants": ["3nD"], "3nD": [1, 1.0]}, "\u0430,": {"variants": ["\u043d\u0443"], "\u043d\u0443": [1, 1.0]}, "\u043d\u0443": {"variants": ["\u0442\u044b", "\u0441\u043a\u0430\u0436\u0438"], "\u0442\u044b": [1, 0.5], "\u0441\u043a\u0430\u0436\u0438": [1, 0.5]}, "\u0442\u044b": {"variants": ["\u043d\u0443\u0436\u043d\u044b\u0439", "\u043c\u043e\u043b\u043e\u0434\u0435\u0446,"], "\u043d\u0443\u0436\u043d\u044b\u0439": [1, 0.5], "\u043c\u043e\u043b\u043e\u0434\u0435\u0446,": [1, 0.5]}, "\u043d\u0443\u0436\u043d\u044b\u0439": {"variants": ["\u0444\u0430\u0435\u043b"], "\u0444\u0430\u0435\u043b": [1, 1.0]}, "\u0444\u0430\u0435\u043b": {"variants": ["\u0432"], "\u0432": [1, 1.0]}, "\u0432": {"variants": ["\u043d\u0443\u0436\u043d\u0430\u0439"], "\u043d\u0443\u0436\u043d\u0430\u0439": [1, 1.0]}, "\u043d\u0443\u0436\u043d\u0430\u0439": {"variants": ["\u043f\u0430\u043f\u043a\u0435"], "\u043f\u0430\u043f\u043a\u0435": [1, 1.0]}, "\u043f\u0430\u043f\u043a\u0435": {"variants": ["\u0441\u0434\u0435\u043b\u0430\u043b,"], "\u0441\u0434\u0435\u043b\u0430\u043b,": [1, 1.0]}, "\u0441\u0434\u0435\u043b\u0430\u043b,": {"variants": ["\u0442\u0430\u043a"], "\u0442\u0430\u043a": [1, 1.0]}, "\u0447\u0442\u043e": {"variants": ["\u0442\u044b"], "\u0442\u044b": [1, 1.0]}, "\u043c\u043e\u043b\u043e\u0434\u0435\u0446,": {"variants": ["\u0441\u043f\u0440\u0430\u0432\u0438\u043b\u0441\u044f"], "\u0441\u043f\u0440\u0430\u0432\u0438\u043b\u0441\u044f": [1, 1.0]}, "\u0441\u043f\u0440\u0430\u0432\u0438\u043b\u0441\u044f": {"variants": ["3nD"], "3nD": [1, 1.0]}, "\u0432\u0440\u0435\u043c\u044f": {"variants": ["\u043f\u043e\u0437\u0434\u043d\u0435\u0435", "\u043f\u043e\u0437\u0434\u043d\u0435\u0435", "\u043f\u043e\u0437\u0434\u043d\u0435\u0435", "\u043f\u043e\u0437\u0434\u043d\u0435\u0435", "\u043f\u043e\u0437\u0434\u043d\u0435\u0435", "\u043f\u043e\u0437\u0434\u043d\u0435\u0435"], "\u043f\u043e\u0437\u0434\u043d\u0435\u0435": [1, 1.0]}, "\u043f\u043e\u0437\u0434\u043d\u0435\u0435": {"variants": ["\u044f", "\u044f", "\u044f", "\u044f", "\u044f", "\u044f"], "\u044f": [1, 1.0]}, "\u0436\u0434\u0443": {"variants": ["3nD", "3nD", "3nD", "3nD", "3nD", "3nD"], "3nD": [1, 1.0]}, "\u043c": {"variants": ["3nD"], "3nD": [1, 1.0]}, "\u043e\u0442\u043f\u0440\u0430\u0432\u044c": {"variants": ["\u0441\u043e\u043e\u0431\u0449\u0435\u043d\u0435"], "\u0441\u043e\u043e\u0431\u0449\u0435\u043d\u0435": [1, 1.0]}, "\u0441\u043e\u043e\u0431\u0449\u0435\u043d\u0435": {"variants": ["3nD"], "3nD": [1, 1.0]}, "\u043f\u0440\u043e\u0441\u0442\u0438,": {"variants": ["\u0430\u043b\u0435\u043a\u0441\u0435\u0439,"], "\u0430\u043b\u0435\u043a\u0441\u0435\u0439,": [1, 1.0]}, "\u0430\u043b\u0435\u043a\u0441\u0435\u0439,": {"variants": ["\u043d\u043e"], "\u043d\u043e": [1, 1.0]}, "\u043d\u043e": {"variants": ["\u044f"], "\u044f": [1, 1.0]}, "\u043f\u0440\u043e\u0438\u0433\u043d\u043e\u0440\u0438\u0440\u0443\u044e": {"variants": ["\u0442\u0432\u043e\u0451"], "\u0442\u0432\u043e\u0451": [1, 1.0]}, "\u0442\u0432\u043e\u0451": {"variants": ["\u043c\u043d\u0435\u043d\u0438\u0435", "\u043c\u043d\u0435\u043d\u0438\u0435,"], "\u043c\u043d\u0435\u043d\u0438\u0435": [1, 0.5], "\u043c\u043d\u0435\u043d\u0438\u0435,": [1, 0.5]}, "\u043c\u043d\u0435\u043d\u0438\u0435": {"variants": ["3nD"], "3nD": [1, 1.0]}, "\u0432\u043e\u0442": {"variants": ["3nD"], "3nD": [1, 1.0]}, "\u0442\u043e": {"variants": ["\u043e\u043d"], "\u043e\u043d": [1, 1.0]}, "\u043e\u043d": {"variants": ["\u0440\u0430\u0431\u043e\u0442\u0430\u0435\u0442"], "\u0440\u0430\u0431\u043e\u0442\u0430\u0435\u0442": [1, 1.0]}, "\u0440\u0430\u0431\u043e\u0442\u0430\u0435\u0442": {"variants": ["3nD"], "3nD": [1, 1.0]}, "\u0434\u0430\u0436\u0435": {"variants": ["\u043e\u043d,"], "\u043e\u043d,": [1, 1.0]}, "\u043e\u043d,": {"variants": ["\u044d\u0445\u0435\u0445\u0435\u0445\u0435,"], "\u044d\u0445\u0435\u0445\u0435\u0445\u0435,": [1, 1.0]}, "\u044d\u0445\u0435\u0445\u0435\u0445\u0435,": {"variants": ["\u043f\u043b\u0435\u0432\u0430\u0442\u044c"], "\u043f\u043b\u0435\u0432\u0430\u0442\u044c": [1, 1.0]}, "\u043f\u043b\u0435\u0432\u0430\u0442\u044c": {"variants": ["\u0445\u043e\u0442\u0435\u043b"], "\u0445\u043e\u0442\u0435\u043b": [1, 1.0]}, "\u0445\u043e\u0442\u0435\u043b": {"variants": ["\u043d\u0430"], "\u043d\u0430": [1, 1.0]}, "\u043d\u0430": {"variants": ["\u043b\u0430\u0434\u043d\u043e,"], "\u043b\u0430\u0434\u043d\u043e,": [1, 1.0]}, "\u043b\u0430\u0434\u043d\u043e,": {"variants": ["\u043d\u0435"], "\u043d\u0435": [1, 1.0]}, "\u043d\u0435": {"variants": ["\u043e\u0431\u0440\u0430\u0449\u0430\u0439"], "\u043e\u0431\u0440\u0430\u0449\u0430\u0439": [1, 1.0]}, "\u043e\u0431\u0440\u0430\u0449\u0430\u0439": {"variants": ["\u0432\u043d\u0438\u043c\u0430\u043d\u0438\u044f,"], "\u0432\u043d\u0438\u043c\u0430\u043d\u0438\u044f,": [1, 1.0]}, "\u0432\u043d\u0438\u043c\u0430\u043d\u0438\u044f,": {"variants": ["\u044f"], "\u044f": [1, 1.0]}, "\u0446\u0435\u043d\u044e": {"variants": ["\u0442\u0432\u043e\u0451"], "\u0442\u0432\u043e\u0451": [1, 1.0]},